onset	duration	trial_type
2.7864806118996057	89.98124739342711	rest
93.88878028583076	402.0566977071767	film
496.9890968605732	89.97200945637815	rest
