onset	duration	trial_type
2.797857892313914	89.98097126188804	rest
93.90108391394006	808.0332706954432	film
902.9843070750967	89.96587296627149	rest
