onset	duration	trial_type
2.5646169752526475	89.97839114913586	rest
94.18589224509742	784.0628013894893	film
879.2921691389765	89.97242563159489	rest
