onset	duration	trial_type
2.793607750191768	89.96599075034464	rest
93.88327778652456	1008.0127882855322	film
1102.9368866664818	89.97497148543789	rest
