onset	duration	trial_type
2.968588910749986	89.98669250304374	rest
94.14910802602299	798.1127863625275	film
893.309937370122	89.96745523904747	rest
