onset	duration	trial_type
2.9680095765747865	89.97429029773843	rest
94.16463313683585	722.0194400984819	film
817.2205538801024	89.9791476932478	rest
