onset	duration	trial_type
2.7779305164294783	89.96540153990645	rest
93.86227680751108	496.0734203192478	film
590.9825484319226	89.96844439436609	rest
