onset	duration	trial_type
2.808314175887972	89.9654559041237	rest
93.90326439257205	402.06452555990245	film
497.01576414092824	89.96740114472959	rest
