onset	duration	trial_type
2.7962763484974857	89.96520479512401	rest
93.87767488719692	599.0407216542844	film
693.9634611738547	89.97012046701275	rest
