onset	duration	trial_type
2.7946803031845775	89.98165121350758	rest
93.93179877420334	405.02267825518356	film
500.00287038756323	89.96719290939473	rest
