onset	duration	trial_type
2.779588308361781	89.98084475268661	rest
93.87374140731663	402.06479870629664	film
496.9863646825452	89.96760425248794	rest
