onset	duration	trial_type
2.805459472063376	89.9640058483401	rest
94.44132460208857	808.050423902474	film
903.545470962019	89.97834696063	rest
