onset	duration	trial_type
2.7652605308448983	89.97890916455253	rest
93.8701369057926	722.0129895845348	film
816.9139699554835	89.96803728702616	rest
