onset	duration	trial_type
2.8302655426741694	89.97996140773466	rest
93.87387955030863	1028.0704245750167	film
1122.9895538873534	89.96998372658709	rest
