onset	duration	trial_type
2.767481599265011	89.96587090400499	rest
93.79887312026403	798.0720978880636	film
892.9137695425161	89.97243976193204	rest
