onset	duration	trial_type
2.7922108164129895	89.96499143061737	rest
94.41748995230955	722.044252504711	film
817.4999396056883	89.97707750423069	rest
