onset	duration	trial_type
2.82083154929569	89.98070264788839	rest
94.45221378403585	805.05463887324	film
900.5541153051636	89.96805017840234	rest
