onset	duration	trial_type
2.807897482185581	89.97963086711934	rest
93.91232628351645	402.05487355639343	film
497.01461183537685	89.96634169880599	rest
