onset	duration	trial_type
2.957580319247427	89.98895233802796	rest
94.15944232863694	784.0927053521136	film
879.2941704413133	89.97343008450662	rest
