onset	duration	trial_type
2.601247129012336	89.97951578727225	rest
93.64097341325032	490.04931306645994	film
584.7295611581776	89.97649636852475	rest
