onset	duration	trial_type
2.5681861613302317	89.96446917242429	rest
93.628152076064	402.0649242636391	film
496.736296484145	89.97260709035982	rest
