onset	duration	trial_type
2.8165695799107198	89.96437331192283	rest
93.8514189529651	808.0361155522205	film
902.9369551546024	89.9663335760124	rest
