onset	duration	trial_type
2.911642414765538	89.98015909262995	rest
93.97608442473893	808.0375397671482	film
903.0654945548904	89.96402297510531	rest
