onset	duration	trial_type
2.789006185463222	89.96582971918542	rest
93.82153980949079	667.0901645550657	film
761.9543698165253	89.97310919117808	rest
