onset	duration	trial_type
2.8059576506166195	89.97892746784692	rest
93.8836996458067	490.0445629429669	film
584.9689248357336	89.97510669674557	rest
