onset	duration	trial_type
2.8169152850587125	89.9652765550345	rest
94.43783017830538	405.0381334721096	film
500.52360187084196	89.96807272320984	rest
