onset	duration	trial_type
2.792537778037513	89.96398271218277	rest
93.87425829085623	722.0216797811627	film
816.9305903265631	89.96442890949766	rest
