onset	duration	trial_type
2.7803970044406014	89.96599105081259	rest
93.81877748545594	805.065205202689	film
899.9288283729838	89.97047045121872	rest
