onset	duration	trial_type
2.819237993193383	89.98118224241625	rest
94.46170150050966	1008.0375432712572	film
1103.5386833999728	89.9758855790933	rest
