onset	duration	trial_type
2.770643480893341	89.98004256440618	rest
93.81452544113927	402.0457839275077	film
496.90211478928177	89.97367322760329	rest
