onset	duration	trial_type
2.7885324550807127	89.98218455267306	rest
93.88734340647898	722.0232371219445	film
816.9466666346161	89.97926488894882	rest
