onset	duration	trial_type
2.973981446009475	89.98673727699497	rest
94.15667290140846	1028.0901708920183	film
1123.288945276995	89.97369239436648	rest
