onset	duration	trial_type
2.7911093456823437	89.97981385308958	rest
93.83506293635583	722.0260738482102	film
816.9038551448175	89.97260498707328	rest
