onset	duration	trial_type
4.3290997183098625	90.00042816901396	rest
95.53485641314546	1008.0471517746478	film
1104.6183124131453	89.97906148356833	rest
