onset	duration	trial_type
2.570124661859154	89.97942744303646	rest
93.68303455130717	722.0247355641604	film
816.7441843345337	89.9791915743499	rest
