onset	duration	trial_type
2.8054949274719547	89.96559863755101	rest
94.44477008669128	805.0641914183489	film
900.5682582740301	89.973068912097	rest
