onset	duration	trial_type
2.8173732813879724	89.98035709027499	rest
93.91829596391017	599.0389036219226	film
694.0055490754244	89.96744350116978	rest
