onset	duration	trial_type
2.7816712303010718	89.97978019442235	rest
93.82231305754067	490.0322458034152	film
584.8935426965891	89.97681636165544	rest
