onset	duration	trial_type
2.99162923071799	89.98542634615433	rest
94.15600537118598	784.0936835681555	film
879.3000070009311	89.9655869709377	rest
