onset	duration	trial_type
2.781401173753693	89.98263255816164	rest
93.86687875812277	405.02518505921034	film
499.9511078914129	89.97300731583346	rest
