onset	duration	trial_type
2.7974199255377243	89.9653405029444	rest
93.90102643503678	1028.0502710087767	film
1122.9919927791093	89.97532211118505	rest
