onset	duration	trial_type
2.799891230047251	89.96602050704223	rest
94.42365626291121	1028.0772852582159	film
1123.550529201878	89.9661635305165	rest
