onset	duration	trial_type
2.872456675292142	89.98155988178314	rest
93.96560254365522	496.0825684379547	film
591.0962701509918	89.96764543628797	rest
