onset	duration	trial_type
3.313062854629152	89.97339792627963	rest
94.42214112214606	588.0072004528674	film
683.4813729897087	89.96347732235927	rest
