onset	duration	trial_type
2.798865668968574	89.9794352923218	rest
93.8461486919532	1028.0677873363675	film
1122.9569289531737	89.97245539460891	rest
