onset	duration	trial_type
2.9039222650080774	89.98161669262845	rest
94.01949263970528	402.0600226313418	film
497.14091164762795	89.97042992336901	rest
