onset	duration	trial_type
2.77750284845024	89.98204456078383	rest
93.83869640831108	805.0415750235588	film
899.9297247581817	89.96619661263321	rest
