onset	duration	trial_type
2.7752856489987607	89.96544178204931	rest
93.85302316050183	722.0447549564724	film
816.9355546654988	89.97770424951159	rest
