onset	duration	trial_type
2.7836111520919076	89.96446141360502	rest
93.81192766266031	1028.0702409672213	film
1122.9253908126757	89.97241783596837	rest
