onset	duration	trial_type
2.570370746514527	89.98036460791809	rest
93.60979446973579	402.06926516838485	film
496.7224865186781	89.97259776756982	rest
