onset	duration	trial_type
2.799722186082363	89.98128286570864	rest
93.8969657708376	722.0235549905401	film
816.9570779600663	89.97872587193888	rest
