onset	duration	trial_type
2.802289095337983	89.96518191763698	rest
93.886723673706	490.0231800048491	film
584.9532334553337	89.97241150953687	rest
