onset	duration	trial_type
2.797687225595837	89.98227980688262	rest
93.88425881968305	405.040709420683	film
499.97233276164025	89.96830827216763	rest
