onset	duration	trial_type
2.79096837621546	89.98189793181155	rest
94.43238992009901	405.0510070526143	film
500.523675471617	89.9752236091881	rest
