onset	duration	trial_type
2.775576270595593	89.96704119197511	rest
93.86745175360011	588.025209096777	film
682.9375077370914	89.96705621545334	rest
