onset	duration	trial_type
2.7782333896720957	89.9826538967136	rest
93.83107215023483	496.0727325446005	film
590.9473319061035	89.97186043192414	rest
