onset	duration	trial_type
2.772969055495196	89.98012871534957	rest
93.85777702059568	405.02421578074427	film
499.9190756099779	89.97859481587147	rest
