onset	duration	trial_type
2.79753242663719	89.98060982029529	rest
93.86413803795949	588.0048582867021	film
682.9110800425951	89.97364043690504	rest
