onset	duration	trial_type
2.568588189620641	89.96405392347151	rest
93.59504904264395	722.043143825169	film
816.68015584756	89.97374346628567	rest
