onset	duration	trial_type
2.8932620899940957	89.98201238896127	rest
94.55944940753398	1008.0177962119196	film
1103.6139386633422	89.97860806868994	rest
