onset	duration	trial_type
3.6956000751174543	89.99276108920185	rest
94.88531290140872	667.1121817840376	film
763.0428700845073	89.9702811643192	rest
