onset	duration	trial_type
2.5773452483572328	89.97939709559978	rest
93.66370053029823	798.0670449980371	film
892.7677132125209	89.97861196836857	rest
