onset	duration	trial_type
2.7807917844493204	89.9801744404067	rest
93.87296432108269	784.0594150825927	film
878.9925844198297	89.9716708612159	rest
