onset	duration	trial_type
2.7765816417886526	89.98306523434803	rest
93.87182689106521	798.0774301077727	film
892.9950725994586	89.96958106128113	rest
