onset	duration	trial_type
2.7867301938895253	89.98162179508199	rest
93.83226090831249	1008.038083883217	film
1102.9104703636613	89.97557004285045	rest
