onset	duration	trial_type
2.5796284694843052	89.97849900469555	rest
93.67900334272417	722.0203880563367	film
816.7385365633818	89.97640142722958	rest
