onset	duration	trial_type
2.7887448871333618	89.97983668271809	rest
93.88890915389857	798.0687630835755	film
893.0058492429516	89.96740505083471	rest
