onset	duration	trial_type
2.7981959812204877	89.96556439436608	rest
93.87537156807502	599.0195695774646	film
693.9510219718313	89.96490636619728	rest
