onset	duration	trial_type
2.791434341297645	89.98083095987658	rest
93.89804115047355	805.0462124792712	film
899.9907121933747	89.9689098402796	rest
