onset	duration	trial_type
2.7912004507034	89.96518430047036	rest
93.90072398121993	805.0439274366199	film
899.9901608262899	89.96974993427284	rest
