onset	duration	trial_type
2.8053896884521237	89.97786296400955	rest
93.90298344447001	667.0688193650931	film
762.0210974140755	89.96620868216269	rest
