onset	duration	trial_type
2.790498791511709	89.96495533219422	rest
93.82205350521872	667.0742144823926	film
761.9357917553552	89.97611747639348	rest
