onset	duration	trial_type
2.8073821768648486	89.96499138854233	rest
94.42156151633753	1008.0372696450013	film
1103.4987677742774	89.97590053735985	rest
