onset	duration	trial_type
2.5851753854349226	89.97848459508896	rest
93.64581820345302	599.0430503403259	film
693.7324287805113	89.97180516248409	rest
