onset	duration	trial_type
2.9103715631208615	89.98162571222565	rest
93.9801314792785	1028.0617944797232	film
1123.0847776633673	89.97275886841817	rest
