onset	duration	trial_type
2.9088950304794707	89.96914752076827	rest
93.9644493841588	1008.0145024470212	film
1103.0175723409675	89.97696723202989	rest
