onset	duration	trial_type
2.7965691783119837	89.98122696149585	rest
93.94758188096421	496.07356967468695	film
591.0704012230308	89.96663195241672	rest
