onset	duration	trial_type
2.7879097726545297	89.98095474750153	rest
93.91793790260272	805.0562532788608	film
900.0209084632079	89.96875779342372	rest
