onset	duration	trial_type
2.7972008872311562	89.98102625922184	rest
93.88389051376726	667.0684550404549	film
761.9962804893876	89.97142115412862	rest
