onset	duration	trial_type
2.7891495256662893	89.9661254319617	rest
93.87683117040797	667.0674922351318	film
761.9935086689802	89.96653016362689	rest
