onset	duration	trial_type
2.7780527408231137	89.96656374582199	rest
93.8777275125558	808.0394140963508	film
902.9659970602042	89.9668266567005	rest
