onset	duration	trial_type
2.5665760351093923	89.9789193741708	rest
93.64726466267712	490.02469977858345	film
584.7075979973124	89.97968346760717	rest
