onset	duration	trial_type
2.5735120684985304	89.97984542056292	rest
93.65913019545224	667.0850102775512	film
761.7838525993739	89.97587351684706	rest
