onset	duration	trial_type
2.8997045183978116	89.97895241947026	rest
94.00725723725554	402.06581812106924	film
497.1163615800597	89.97255752937235	rest
