onset	duration	trial_type
2.940596052617366	89.98653627909243	rest
94.09825039834777	599.0693584894088	film
694.2166601715262	89.96661758002756	rest
