onset	duration	trial_type
2.818028688191589	89.9639352921713	rest
93.87381498733976	405.0192759956126	film
499.9438426214856	89.9650521358999	rest
