onset	duration	trial_type
2.6032003624864046	89.97952509567722	rest
93.69540879348506	1028.0746949556851	film
1122.8156534479044	89.9698947424722	rest
