onset	duration	trial_type
2.763892953571485	89.98217375183594	rest
93.85211377213454	1028.0631673800817	film
1122.9648721232315	89.96619208527409	rest
