onset	duration	trial_type
2.768636995304405	89.96657307042187	rest
93.80040383098458	667.0745224413149	film
761.921081389668	89.96913787793528	rest
