onset	duration	trial_type
2.814116189249944	89.9783724875474	rest
93.9311560693991	805.0516450418581	film
900.0273000809461	89.97107137298462	rest
