onset	duration	trial_type
2.967518085987649	89.98446905153014	rest
94.15344236957162	496.12386569150385	film
591.3262505750226	89.96629217196823	rest
