onset	duration	trial_type
2.904983193249791	89.98161758851165	rest
94.55899339177813	1028.0800257922856	film
1123.6867180849767	89.96771307104609	rest
