onset	duration	trial_type
2.5852459223242477	89.96437242122192	rest
93.62206606484324	496.0864697349025	film
590.75148612251	89.97283364442046	rest
