onset	duration	trial_type
2.787697686562751	89.96411910380812	rest
94.37547031028407	588.0351086889241	film
683.4635400985899	89.97914469481657	rest
